vendor,material,country,price_per_kg_inr,freight_cost_to_india_per_kg_inr
Global Process Partners,Acetone,China,72.76,4.24
Jupiter Fine Chemicals,Acetone,China,68.9,5.83
Ridgeway Chemicals,Acetone,China,72.78,3.15
Summit Process Supply,Acetone,China,69.84,1.47
Unity Industrial Partners,Acetone,China,65.92,6.87
Aarav Chemtrade,Acetone,Germany,88.51,4.75
Deccan Molecules,Acetone,Germany,83.07,5.97
Jupiter Fine Chemicals,Acetone,Germany,85.53,7.16
Summit Process Supply,Acetone,Germany,83.32,4.34
Trident ChemWorks,Acetone,Germany,96.86,1.67
Lotus Raw Materials,Acetone,India,73.88,0.0
Oceanic Ingredients,Acetone,India,83.38,0.0
Aarav Chemtrade,Acetone,Japan,82.78,5.36
Jupiter Fine Chemicals,Acetone,Japan,84.5,4.5
Lotus Raw Materials,Acetone,Japan,87.15,1.61
Summit Process Supply,Acetone,Japan,86.4,5.19
Global Process Partners,Acetone,Singapore,80.58,2.34
Oceanic Ingredients,Acetone,Singapore,83.71,3.66
Deccan Molecules,Acetone,South Korea,82.86,5.52
Aarav Chemtrade,Acetone,Thailand,74.67,5.65
Eastern ChemSource,Acetone,Thailand,72.36,6.83
Bharat Specialities,Acetone,UAE,77.51,6.67
Eastern ChemSource,Acetone,UAE,81.87,5.72
Global Process Partners,Acetone,UAE,75.31,2.8
Evergreen Materials,Carbon Black,Germany,131.03,9.52
Lotus Raw Materials,Carbon Black,Germany,128.52,4.22
Westport Materials,Carbon Black,Germany,132.28,2.24
Nexus Bulk Supply,Carbon Black,India,125.4,0.0
Unity Industrial Partners,Carbon Black,India,103.87,0.0
Lotus Raw Materials,Carbon Black,Japan,126.77,10.29
Westport Materials,Carbon Black,Japan,132.7,6.68
Bharat Specialities,Carbon Black,Singapore,112.77,5.13
Bharat Specialities,Carbon Black,South Korea,116.46,4.26
Eastern ChemSource,Carbon Black,South Korea,120.47,4.76
Bharat Specialities,Carbon Black,Thailand,105.02,3.44
Global Process Partners,Carbon Black,Thailand,110.14,8.38
Lotus Raw Materials,Carbon Black,Thailand,111.98,4.21
Westport Materials,Carbon Black,UAE,125.1,3.41
Indus Industrial Solutions,Caustic Soda,China,34.54,3.68
Oceanic Ingredients,Caustic Soda,China,38.75,2.93
Coastal Industrial Supply,Caustic Soda,Germany,46.64,3.68
Eastern ChemSource,Caustic Soda,India,39.42,0.0
Evergreen Materials,Caustic Soda,India,39.04,0.0
Quartz Materials India,Caustic Soda,India,36.03,0.0
Jupiter Fine Chemicals,Caustic Soda,Japan,40.57,3.24
Quartz Materials India,Caustic Soda,Japan,42.04,2.71
Bharat Specialities,Caustic Soda,Singapore,39.43,3.49
Indus Industrial Solutions,Caustic Soda,Singapore,37.91,3.36
Jupiter Fine Chemicals,Caustic Soda,South Korea,39.93,2.2
Eastern ChemSource,Caustic Soda,Thailand,39.02,2.18
Oceanic Ingredients,Caustic Soda,Thailand,40.58,2.05
Quartz Materials India,Caustic Soda,Thailand,37.28,2.37
Coastal Industrial Supply,Caustic Soda,UAE,38.78,2.12
Evergreen Materials,Caustic Soda,UAE,40.98,1.88
Kaveri Trading,Citric Acid,China,88.24,7.32
Pioneer Chemical House,Citric Acid,China,81.79,3.75
Ridgeway Chemicals,Citric Acid,China,78.95,5.47
Horizon Petrochem,Citric Acid,Germany,83.79,7.15
Ridgeway Chemicals,Citric Acid,Germany,98.09,4.82
Eastern ChemSource,Citric Acid,India,83.34,0.0
Frontier Chemical Co,Citric Acid,India,71.46,0.0
Horizon Petrochem,Citric Acid,India,76.64,0.0
Trident ChemWorks,Citric Acid,India,92.26,0.0
Westport Materials,Citric Acid,India,88.25,0.0
Bharat Specialities,Citric Acid,Japan,91.77,4.42
Eastern ChemSource,Citric Acid,Japan,92.06,3.1
Horizon Petrochem,Citric Acid,Japan,84.22,4.84
Trident ChemWorks,Citric Acid,Japan,105.55,2.98
Coastal Industrial Supply,Citric Acid,Singapore,83.08,7.02
Lotus Raw Materials,Citric Acid,Singapore,87.7,2.58
Bharat Specialities,Citric Acid,South Korea,85.69,2.33
Coastal Industrial Supply,Citric Acid,Thailand,81.78,1.49
Kaveri Trading,Citric Acid,Thailand,89.23,7.51
Summit Process Supply,Citric Acid,Thailand,78.13,3.93
Westport Materials,Citric Acid,UAE,90.54,5.85
Ridgeway Chemicals,Epoxy Resin,China,216.09,16.82
Trident ChemWorks,Epoxy Resin,China,238.61,11.13
Ridgeway Chemicals,Epoxy Resin,Germany,276.83,20.55
Jupiter Fine Chemicals,Epoxy Resin,India,220.21,0.0
Trident ChemWorks,Epoxy Resin,Japan,290.66,14.43
Eastern ChemSource,Epoxy Resin,Singapore,245.02,17.19
Oceanic Ingredients,Epoxy Resin,Singapore,257.78,16.33
Quartz Materials India,Epoxy Resin,Singapore,227.8,21.25
Horizon Petrochem,Epoxy Resin,South Korea,223.24,7.65
Jupiter Fine Chemicals,Epoxy Resin,South Korea,241.33,4.52
Oceanic Ingredients,Epoxy Resin,South Korea,267.3,17.16
Quartz Materials India,Epoxy Resin,South Korea,225.42,11.24
Ridgeway Chemicals,Epoxy Resin,South Korea,245.05,13.23
Eastern ChemSource,Epoxy Resin,Thailand,226.65,15.78
Global Process Partners,Epoxy Resin,UAE,241.75,4.42
Jupiter Fine Chemicals,Epoxy Resin,UAE,232.62,9.61
Trident ChemWorks,Epoxy Resin,UAE,265.35,7.92
Bharat Specialities,Ethyl Acetate,China,96.96,9.17
Lotus Raw Materials,Ethyl Acetate,China,94.93,7.63
Unity Industrial Partners,Ethyl Acetate,China,91.95,5.39
Coastal Industrial Supply,Ethyl Acetate,Germany,124.74,6.75
Unity Industrial Partners,Ethyl Acetate,Germany,114.09,2.26
Bharat Specialities,Ethyl Acetate,India,101.22,0.0
Coastal Industrial Supply,Ethyl Acetate,India,104.29,0.0
Unity Industrial Partners,Ethyl Acetate,India,97.13,0.0
Vantage Chemical Supply,Ethyl Acetate,India,100.09,0.0
Coastal Industrial Supply,Ethyl Acetate,Japan,117.29,8.29
Lotus Raw Materials,Ethyl Acetate,Japan,117.35,3.8
Bharat Specialities,Ethyl Acetate,Singapore,110.48,3.37
Deccan Molecules,Ethyl Acetate,Singapore,106.31,9.58
Oceanic Ingredients,Ethyl Acetate,Singapore,114.79,6.0
Vantage Chemical Supply,Ethyl Acetate,Singapore,103.13,5.03
Deccan Molecules,Ethyl Acetate,South Korea,112.35,7.01
Evergreen Materials,Ethyl Acetate,South Korea,112.88,2.83
Jupiter Fine Chemicals,Ethyl Acetate,South Korea,107.95,7.58
Deccan Molecules,Ethyl Acetate,Thailand,95.33,3.49
Eastern ChemSource,Ethyl Acetate,Thailand,98.64,6.6
Evergreen Materials,Ethyl Acetate,Thailand,103.32,3.46
Global Process Partners,Ethyl Acetate,Thailand,100.51,5.28
Horizon Petrochem,Ethyl Acetate,Thailand,93.63,7.18
Evergreen Materials,Ethyl Acetate,UAE,109.64,6.02
Frontier Chemical Co,Ethyl Acetate,UAE,98.65,2.52
Global Process Partners,Ethyl Acetate,UAE,105.99,7.29
Vantage Chemical Supply,Ethyl Acetate,UAE,109.62,4.23
Horizon Petrochem,Glycerine,China,84.26,3.16
Jupiter Fine Chemicals,Glycerine,China,88.94,6.74
Quartz Materials India,Glycerine,China,83.72,5.8
Quartz Materials India,Glycerine,Germany,101.91,8.99
Vantage Chemical Supply,Glycerine,Germany,113.51,7.6
Evergreen Materials,Glycerine,India,94.54,0.0
Frontier Chemical Co,Glycerine,India,83.38,0.0
Pioneer Chemical House,Glycerine,India,98.82,0.0
Indus Industrial Solutions,Glycerine,Japan,98.33,2.13
Nexus Bulk Supply,Glycerine,Japan,116.53,8.46
Evergreen Materials,Glycerine,Singapore,101.87,5.02
Vantage Chemical Supply,Glycerine,Singapore,97.26,8.0
Westport Materials,Glycerine,Singapore,105.96,4.68
Nexus Bulk Supply,Glycerine,South Korea,116.84,2.59
Oceanic Ingredients,Glycerine,South Korea,114.05,7.23
Pioneer Chemical House,Glycerine,South Korea,108.23,7.35
Quartz Materials India,Glycerine,South Korea,102.13,2.62
Jupiter Fine Chemicals,Glycerine,Thailand,92.9,4.73
Meridian ChemLink,Glycerine,Thailand,92.79,7.08
Horizon Petrochem,Glycerine,UAE,87.07,5.47
Jupiter Fine Chemicals,Glycerine,UAE,95.81,7.47
Westport Materials,Hydrochloric Acid,China,11.76,0.81
Aarav Chemtrade,Hydrochloric Acid,Germany,13.5,0.92
Summit Process Supply,Hydrochloric Acid,Germany,14.18,0.56
Aarav Chemtrade,Hydrochloric Acid,India,11.73,0.0
Indus Industrial Solutions,Hydrochloric Acid,India,11.09,0.0
Pioneer Chemical House,Hydrochloric Acid,India,12.3,0.0
Aarav Chemtrade,Hydrochloric Acid,Japan,12.82,1.11
Deccan Molecules,Hydrochloric Acid,Japan,13.26,0.5
Deccan Molecules,Hydrochloric Acid,Singapore,12.32,0.62
Evergreen Materials,Hydrochloric Acid,Singapore,12.46,1.08
Frontier Chemical Co,Hydrochloric Acid,Singapore,11.51,0.6
Pioneer Chemical House,Hydrochloric Acid,Singapore,12.92,0.97
Westport Materials,Hydrochloric Acid,Singapore,13.42,0.9
Frontier Chemical Co,Hydrochloric Acid,South Korea,11.71,0.25
Unity Industrial Partners,Hydrochloric Acid,South Korea,11.41,0.42
Indus Industrial Solutions,Hydrochloric Acid,Thailand,10.33,0.95
Summit Process Supply,Hydrochloric Acid,Thailand,11.03,1.0
Westport Materials,Hydrochloric Acid,Thailand,12.78,0.46
Deccan Molecules,Hydrochloric Acid,UAE,11.61,0.28
Horizon Petrochem,Hydrochloric Acid,UAE,11.15,0.87
Indus Industrial Solutions,Hydrochloric Acid,UAE,11.74,1.0
Pioneer Chemical House,Hydrochloric Acid,UAE,12.24,0.23
Ridgeway Chemicals,Hydrochloric Acid,UAE,12.45,0.49
Deccan Molecules,Methanol,China,30.29,2.67
Indus Industrial Solutions,Methanol,China,29.59,1.9
Eastern ChemSource,Methanol,Germany,39.59,2.6
Evergreen Materials,Methanol,Germany,39.5,1.7
Trident ChemWorks,Methanol,Germany,44.17,2.43
Bharat Specialities,Methanol,India,32.9,0.0
Evergreen Materials,Methanol,India,32.91,0.0
Indus Industrial Solutions,Methanol,India,30.29,0.0
Jupiter Fine Chemicals,Methanol,India,32.87,0.0
Jupiter Fine Chemicals,Methanol,Japan,37.73,1.21
Trident ChemWorks,Methanol,Japan,41.23,1.01
Bharat Specialities,Methanol,Singapore,36.7,2.04
Deccan Molecules,Methanol,Singapore,35.82,0.95
Frontier Chemical Co,Methanol,Singapore,31.46,0.91
Bharat Specialities,Methanol,South Korea,37.56,0.83
Deccan Molecules,Methanol,South Korea,35.44,1.64
Eastern ChemSource,Methanol,South Korea,37.62,3.08
Ridgeway Chemicals,Methanol,South Korea,37.54,1.3
Jupiter Fine Chemicals,Methanol,Thailand,31.23,1.85
Westport Materials,Methanol,Thailand,33.35,1.25
Eastern ChemSource,Methanol,UAE,35.88,2.97
Frontier Chemical Co,Methanol,UAE,33.12,1.97
Global Process Partners,Methanol,UAE,34.79,3.13
Quartz Materials India,Methanol,UAE,33.67,2.38
Ridgeway Chemicals,Methanol,UAE,35.74,0.72
Westport Materials,Methanol,UAE,36.43,3.21
Evergreen Materials,Polyethylene Resin,China,114.09,9.58
Coastal Industrial Supply,Polyethylene Resin,Germany,151.57,8.66
Deccan Molecules,Polyethylene Resin,India,123.4,0.0
Quartz Materials India,Polyethylene Resin,India,123.07,0.0
Coastal Industrial Supply,Polyethylene Resin,Japan,144.34,10.37
Trident ChemWorks,Polyethylene Resin,Japan,153.9,9.44
Vantage Chemical Supply,Polyethylene Resin,Japan,143.45,6.99
Bharat Specialities,Polyethylene Resin,Singapore,131.34,11.28
Deccan Molecules,Polyethylene Resin,Singapore,127.09,4.01
Evergreen Materials,Polyethylene Resin,Singapore,129.52,11.35
Indus Industrial Solutions,Polyethylene Resin,Singapore,122.25,4.36
Jupiter Fine Chemicals,Polyethylene Resin,Singapore,126.43,9.95
Quartz Materials India,Polyethylene Resin,Singapore,127.48,2.51
Summit Process Supply,Polyethylene Resin,Singapore,125.81,7.49
Jupiter Fine Chemicals,Polyethylene Resin,South Korea,134.39,4.01
Bharat Specialities,Polyethylene Resin,Thailand,119.83,11.81
Global Process Partners,Polyethylene Resin,Thailand,120.66,6.59
Bharat Specialities,Polyethylene Resin,UAE,131.96,8.34
Global Process Partners,Polyethylene Resin,UAE,129.54,7.41
Pioneer Chemical House,Polyethylene Resin,UAE,134.1,6.39
Horizon Petrochem,Polypropylene Resin,China,97.42,5.23
Vantage Chemical Supply,Polypropylene Resin,China,106.29,4.8
Horizon Petrochem,Polypropylene Resin,Germany,129.09,4.92
Meridian ChemLink,Polypropylene Resin,Germany,144.51,2.43
Lotus Raw Materials,Polypropylene Resin,India,120.66,0.0
Coastal Industrial Supply,Polypropylene Resin,Japan,130.82,9.99
Deccan Molecules,Polypropylene Resin,Japan,126.52,6.56
Jupiter Fine Chemicals,Polypropylene Resin,Japan,129.06,4.01
Deccan Molecules,Polypropylene Resin,Singapore,118.84,4.54
Lotus Raw Materials,Polypropylene Resin,Singapore,125.97,5.31
Deccan Molecules,Polypropylene Resin,South Korea,128.46,3.62
Eastern ChemSource,Polypropylene Resin,South Korea,127.24,3.95
Lotus Raw Materials,Polypropylene Resin,South Korea,131.57,4.37
Unity Industrial Partners,Polypropylene Resin,South Korea,113.03,9.83
Vantage Chemical Supply,Polypropylene Resin,South Korea,129.8,9.38
Coastal Industrial Supply,Polypropylene Resin,Thailand,114.33,5.99
Unity Industrial Partners,Polypropylene Resin,Thailand,102.19,4.72
Horizon Petrochem,Polypropylene Resin,UAE,106.55,7.11
Jupiter Fine Chemicals,Polypropylene Resin,UAE,113.21,9.7
Jupiter Fine Chemicals,Sodium Carbonate,China,26.16,0.66
Deccan Molecules,Sodium Carbonate,Germany,30.91,2.39
Kaveri Trading,Sodium Carbonate,Germany,36.44,2.14
Pioneer Chemical House,Sodium Carbonate,Germany,33.68,2.08
Vantage Chemical Supply,Sodium Carbonate,Germany,31.31,0.59
Kaveri Trading,Sodium Carbonate,Japan,35.5,1.91
Unity Industrial Partners,Sodium Carbonate,Japan,28.22,1.65
Deccan Molecules,Sodium Carbonate,Singapore,29.09,0.82
Eastern ChemSource,Sodium Carbonate,Singapore,30.44,2.28
Jupiter Fine Chemicals,Sodium Carbonate,Singapore,27.74,2.07
Summit Process Supply,Sodium Carbonate,Singapore,29.22,1.09
Unity Industrial Partners,Sodium Carbonate,Singapore,26.61,0.76
Deccan Molecules,Sodium Carbonate,South Korea,30.26,2.39
Nexus Bulk Supply,Sodium Carbonate,South Korea,33.52,1.74
Unity Industrial Partners,Sodium Carbonate,South Korea,27.25,0.74
Summit Process Supply,Sodium Carbonate,Thailand,25.74,0.95
Vantage Chemical Supply,Sodium Carbonate,Thailand,26.84,2.21
Jupiter Fine Chemicals,Sodium Carbonate,UAE,26.65,1.21
Vantage Chemical Supply,Sodium Carbonate,UAE,29.46,2.44
Ridgeway Chemicals,Sulphuric Acid,China,8.35,0.79
Westport Materials,Sulphuric Acid,China,9.2,0.62
Aarav Chemtrade,Sulphuric Acid,Germany,10.02,0.27
Evergreen Materials,Sulphuric Acid,Germany,10.17,0.35
Quartz Materials India,Sulphuric Acid,Germany,9.87,0.42
Summit Process Supply,Sulphuric Acid,Germany,10.24,0.73
Meridian ChemLink,Sulphuric Acid,India,9.06,0.0
Oceanic Ingredients,Sulphuric Acid,India,9.51,0.0
Eastern ChemSource,Sulphuric Acid,South Korea,10.21,0.83
Nexus Bulk Supply,Sulphuric Acid,South Korea,11.12,0.62
Aarav Chemtrade,Sulphuric Acid,Thailand,8.61,0.26
Evergreen Materials,Sulphuric Acid,Thailand,8.45,0.45
Quartz Materials India,Sulphuric Acid,Thailand,8.18,0.78
Summit Process Supply,Sulphuric Acid,Thailand,8.88,0.47
Aarav Chemtrade,Sulphuric Acid,UAE,9.36,0.71
Oceanic Ingredients,Sulphuric Acid,UAE,10.31,0.53
Summit Process Supply,Sulphuric Acid,UAE,9.18,0.45
Westport Materials,Sulphuric Acid,UAE,9.85,0.42
Unity Industrial Partners,Titanium Dioxide,China,206.65,15.1
Westport Materials,Titanium Dioxide,China,238.78,11.46
Aarav Chemtrade,Titanium Dioxide,Germany,275.9,13.17
Deccan Molecules,Titanium Dioxide,Germany,271.73,12.98
Eastern ChemSource,Titanium Dioxide,Germany,278.61,16.47
Lotus Raw Materials,Titanium Dioxide,Germany,289.76,14.96
Summit Process Supply,Titanium Dioxide,Germany,267.69,4.58
Frontier Chemical Co,Titanium Dioxide,India,224.11,0.0
Deccan Molecules,Titanium Dioxide,Japan,266.45,14.4
Eastern ChemSource,Titanium Dioxide,Japan,289.64,10.71
Lotus Raw Materials,Titanium Dioxide,Japan,271.9,8.16
Oceanic Ingredients,Titanium Dioxide,Japan,301.59,10.42
Trident ChemWorks,Titanium Dioxide,Japan,301.1,16.37
Unity Industrial Partners,Titanium Dioxide,Japan,260.13,19.41
Westport Materials,Titanium Dioxide,Japan,279.84,17.47
Aarav Chemtrade,Titanium Dioxide,Singapore,246.97,7.38
Eastern ChemSource,Titanium Dioxide,Singapore,258.52,16.25
Oceanic Ingredients,Titanium Dioxide,Singapore,280.5,14.09
Bharat Specialities,Titanium Dioxide,South Korea,271.67,12.47
Coastal Industrial Supply,Titanium Dioxide,South Korea,270.91,4.96
Frontier Chemical Co,Titanium Dioxide,South Korea,235.28,16.38
Trident ChemWorks,Titanium Dioxide,South Korea,303.42,16.53
Westport Materials,Titanium Dioxide,South Korea,277.79,18.93
Aarav Chemtrade,Titanium Dioxide,Thailand,237.35,5.83
Bharat Specialities,Titanium Dioxide,Thailand,236.16,7.45
Lotus Raw Materials,Titanium Dioxide,Thailand,236.48,20.72
Trident ChemWorks,Titanium Dioxide,Thailand,272.94,19.98
Unity Industrial Partners,Titanium Dioxide,Thailand,224.92,10.43
Vantage Chemical Supply,Titanium Dioxide,Thailand,228.68,10.24
Bharat Specialities,Titanium Dioxide,UAE,246.41,11.63
Oceanic Ingredients,Titanium Dioxide,UAE,267.33,9.24
Horizon Petrochem,Toluene,China,74.52,7.71
Indus Industrial Solutions,Toluene,China,77.86,1.8
Jupiter Fine Chemicals,Toluene,China,82.97,7.97
Nexus Bulk Supply,Toluene,China,91.93,2.18
Unity Industrial Partners,Toluene,China,80.65,4.43
Vantage Chemical Supply,Toluene,Germany,105.05,4.87
Frontier Chemical Co,Toluene,India,81.56,0.0
Horizon Petrochem,Toluene,India,81.61,0.0
Nexus Bulk Supply,Toluene,India,100.47,0.0
Summit Process Supply,Toluene,India,87.47,0.0
Unity Industrial Partners,Toluene,India,81.68,0.0
Frontier Chemical Co,Toluene,Japan,91.33,8.18
Horizon Petrochem,Toluene,Japan,92.65,5.94
Vantage Chemical Supply,Toluene,Japan,100.86,6.42
Summit Process Supply,Toluene,Singapore,93.36,1.64
Summit Process Supply,Toluene,Thailand,86.63,4.83
Indus Industrial Solutions,Toluene,UAE,86.71,5.23
Jupiter Fine Chemicals,Toluene,UAE,90.01,4.72
Meridian ChemLink,Toluene,UAE,96.07,3.93
Quartz Materials India,Toluene,UAE,86.31,7.17
Vantage Chemical Supply,Toluene,UAE,93.0,5.81
Evergreen Materials,Urea,China,28.01,2.16
Meridian ChemLink,Urea,China,30.6,2.94
Summit Process Supply,Urea,China,28.66,1.29
Deccan Molecules,Urea,India,31.24,0.0
Meridian ChemLink,Urea,India,32.05,0.0
Summit Process Supply,Urea,India,31.16,0.0
Trident ChemWorks,Urea,India,33.45,0.0
Eastern ChemSource,Urea,Japan,34.81,1.41
Coastal Industrial Supply,Urea,Singapore,31.71,0.89
Trident ChemWorks,Urea,Singapore,37.26,1.8
Westport Materials,Urea,Singapore,34.86,0.63
Westport Materials,Urea,South Korea,36.77,1.14
Eastern ChemSource,Urea,Thailand,31.6,1.01
Trident ChemWorks,Urea,Thailand,34.18,2.11
Eastern ChemSource,Urea,UAE,32.69,2.42
